order_id,order_date,customer_id,product_id,store_id,quantity,unit_price,discount_pct,sales_amount,cost_amount,profit,return_flag,payment_method,order_status,shipping_cost
ORD085253,2023-01-12,CUST01821,PROD0135,STORE009,5,2905.89,0.48,7555.31,11332.97,-3896.11,False,Debit Card,Completed,118.45
ORD086048,2023-01-18,CUST00720,PROD0116,STORE004,1,7008.76,0.87,911.14,5466.83,-4572.84,False,Net Banking,Completed,17.15
ORD057837,2023-01-20,CUST01706,PROD0079,STORE011,5,7532.25,0.81,7155.64,29375.78,-22356.98,False,Upi,Completed,136.84
ORD038115,2023-02-14,CUST01760,PROD0260,STORE015,2,2528.03,0.05,4803.26,3943.73,643.72,False,Upi,Cancelled,215.81
ORD015931,2023-02-26,CUST01448,PROD0033,STORE005,4,39547.62,0.42,91750.48,123388.57,-31814.75,False,Upi,Completed,176.66
ORD071265,2023-03-09,CUST01270,PROD0070,STORE011,3,13262.87,0.8,7957.72,31035.12,-23170.58,False,Upi,Completed,93.18
ORD031100,2023-03-17,CUST01804,PROD0079,STORE014,3,7490.67,0.7,6741.6,17528.17,-10936.83,False,Debit Card,Completed,150.26
ORD088623,2023-03-26,CUST00611,PROD0263,STORE004,1,8260.61,0.36,5286.79,6443.28,-1289.87,False,Upi,Completed,133.38
ORD062361,2023-04-05,CUST00969,PROD0019,STORE010,1,6094.54,0.43,3473.89,4753.74,-1522.4,False,Credit Card,Completed,242.55
ORD078346,2023-04-12,CUST00862,PROD0150,STORE006,3,4164.35,0.69,3872.85,9744.58,-5995.21,False,Upi,Completed,123.48
ORD023408,2023-04-26,CUST00622,PROD0189,STORE009,4,4001.57,0.46,8643.39,12484.9,-3880.09,False,Debit Card,Completed,38.58
ORD038735,2023-04-28,CUST01895,PROD0191,STORE010,2,3489.33,0.69,2163.38,5443.35,-3408.2,False,Wallet,Completed,128.23
ORD012980,2023-04-29,CUST01260,PROD0249,STORE005,2,3232.75,0.18,5301.71,5043.09,18.33,False,Credit Card,Completed,240.29
ORD033637,2023-05-15,CUST01107,PROD0038,STORE018,4,3659.49,0.18,12003.13,11417.61,442.81,True,Wallet,Returned,142.71
ORD000597,2023-05-16,CUST00829,PROD0180,STORE015,3,3942.84,0.69,3666.84,9226.25,-5792.39,False,Net Banking,Completed,232.98
ORD004106,2023-06-01,CUST01527,PROD0226,STORE010,4,1940.17,0.92,620.85,6053.33,-5580.93,False,Cash,Completed,148.45
ORD086963,2023-06-08,CUST01902,PROD0063,STORE010,1,1080.02,0.74,280.81,842.42,-1191.12,False,Upi,Completed,629.51
ORD056875,2023-06-25,CUST01321,PROD0188,STORE011,2,851.98,0.81,323.75,1329.09,-1134.37,False,Cash,Completed,129.03
ORD027300,2023-06-29,CUST01193,PROD0087,STORE008,2,5872.04,0.74,3053.46,9160.38,-6278.98,False,Upi,Completed,172.06
ORD048881,2023-06-30,CUST01913,PROD0064,STORE006,1,22318.88,0.62,8481.17,17408.73,-9097.34,False,Net Banking,Completed,169.78
ORD021572,2023-07-02,CUST01275,PROD0108,STORE016,2,3583.92,0.63,2652.1,5590.92,-2988.14,False,Credit Card,Completed,49.32
ORD088440,2023-07-07,CUST00112,PROD0018,STORE013,1,16391.04,0.91,1475.19,12785.01,-11448.75,False,Credit Card,Completed,138.93
ORD004322,2023-07-18,CUST00245,PROD0100,STORE013,4,83179.11,0.37,209611.36,259518.82,-50043.11,False,Debit Card,Completed,135.65
ORD009822,2023-07-22,CUST01042,PROD0059,STORE014,1,2286.98,0.29,1623.76,1783.84,-376.07,False,Credit Card,Completed,215.99
ORD014645,2023-07-24,CUST00258,PROD0036,STORE012,5,8703.19,0.49,22193.13,33942.44,-11779.31,False,Cash,Cancelled,30.0
ORD011958,2023-07-28,CUST00224,PROD0086,STORE003,1,5023.6,0.95,251.18,3918.41,-3773.45,False,Debit Card,Completed,106.22
ORD019792,2023-08-16,CUST00344,PROD0057,STORE007,3,3213.5,0.64,3470.58,7519.59,-4401.71,False,Upi,Completed,352.7
ORD005304,2023-08-17,CUST00649,PROD0114,STORE017,3,1536.47,0.81,875.79,3595.34,-2775.52,False,Upi,Completed,55.97
ORD078824,2023-08-22,CUST00947,PROD0085,STORE015,4,3297.62,0.57,5671.91,10288.57,-4646.66,False,Credit Card,Completed,30.0
ORD021941,2023-09-27,CUST01173,PROD0064,STORE017,6,23072.81,0.08,127361.91,107980.75,19201.71,True,Upi,Returned,179.45
ORD033865,2023-09-27,CUST00035,PROD0020,STORE011,3,4403.04,0.99,132.09,10303.11,-10270.06,False,Upi,Cancelled,99.04
ORD061315,2023-10-27,CUST00755,PROD0087,STORE011,2,5323.2,0.03,10327.01,8304.19,1992.82,False,Debit Card,Completed,30.0
ORD083121,2023-10-29,CUST00206,PROD0236,STORE009,1,8434.27,0.66,2867.65,6578.73,-3741.08,False,Upi,Completed,30.0
ORD085620,2023-10-29,CUST01706,PROD0020,STORE014,1,4400.24,0.53,2068.11,3432.19,-1465.58,False,Upi,Completed,101.5
ORD078620,2023-11-15,CUST01743,PROD0095,STORE017,1,38588.05,0.53,18136.38,30098.68,-12106.49,False,Credit Card,Completed,144.19
ORD081388,2023-11-21,CUST00994,PROD0237,STORE004,2,18454.31,0.42,21407.0,28788.72,-7590.26,True,Net Banking,Returned,208.54
ORD084521,2023-11-29,CUST01263,PROD0136,STORE011,1,7782.29,0.72,2179.04,6070.19,-4112.53,False,Credit Card,Completed,221.38
ORD010552,2023-11-30,CUST01405,PROD0030,STORE003,4,36374.97,0.91,13094.99,113489.91,-100678.12,False,Upi,Completed,283.2
ORD075001,2023-12-02,CUST00258,PROD0208,STORE004,2,11459.72,0.18,18793.94,17877.16,892.31,True,Credit Card,Returned,24.47
ORD035400,2023-12-22,CUST00558,PROD0230,STORE010,2,103513.15,0.63,76599.73,161480.51,-85029.05,False,Cash,Completed,148.27
ORD036544,2024-02-05,CUST01158,PROD0260,STORE001,4,2517.2,0.78,2215.14,7853.66,-5750.92,False,Net Banking,Completed,112.4
ORD003517,2024-02-15,CUST01527,PROD0163,STORE016,1,2404.1,0.22,1875.2,1875.2,-87.93,False,Cash,Completed,87.93
ORD075197,2024-03-28,CUST01529,PROD0284,STORE009,4,10391.55,0.83,7066.25,32421.64,-25554.68,False,Credit Card,Completed,199.29
ORD014797,2024-04-17,CUST01823,PROD0202,STORE015,3,677.02,0.86,284.35,1584.23,-1363.2,False,Credit Card,Completed,63.32
ORD010432,2024-04-30,CUST00344,PROD0277,STORE017,4,5061.63,0.61,7896.14,15792.29,-8188.54,False,Cash,Completed,292.39
ORD045415,2024-04-30,CUST00768,PROD0200,STORE009,2,9876.38,0.24,15012.1,15407.15,-672.61,False,Credit Card,Completed,277.56
ORD076205,2024-05-01,CUST01373,PROD0100,STORE001,4,81298.39,0.12,286170.33,253650.98,32420.5,False,Debit Card,Completed,98.85
ORD054715,2024-05-21,CUST01041,PROD0119,STORE017,1,121545.54,0.57,52264.58,94805.52,-42597.54,False,Credit Card,Completed,56.6
ORD083979,2024-06-04,CUST00574,PROD0004,STORE016,1,20616.14,0.84,3298.58,16080.59,-12815.53,False,Net Banking,Completed,33.52
ORD081114,2024-06-08,CUST00941,PROD0064,STORE004,2,22730.42,0.45,25003.46,35459.46,-10558.06,False,Wallet,Completed,102.06
ORD082401,2024-06-27,CUST01211,PROD0018,STORE003,1,16419.87,0.61,6403.75,12807.5,-6494.05,False,Credit Card,Completed,90.3
ORD047123,2024-06-30,CUST01326,PROD0270,STORE009,2,10324.21,0.38,12802.02,16105.77,-3451.59,False,Upi,Completed,147.84
ORD080598,2024-07-06,CUST01879,PROD0049,STORE004,1,37113.64,0.65,12989.77,28948.64,-16114.38,False,Cash,Completed,155.51
ORD031852,2024-07-10,CUST01990,PROD0239,STORE003,3,22754.29,0.19,55292.92,53245.04,1853.15,False,Net Banking,Completed,194.73
ORD002470,2024-07-15,CUST01721,PROD0249,STORE003,2,3173.63,0.86,888.62,4950.86,-4185.8,False,Credit Card,Completed,123.56
ORD063343,2024-07-16,CUST00167,PROD0277,STORE015,1,5385.58,0.58,2261.94,4200.75,-2129.01,False,Upi,Completed,190.2
ORD082763,2024-07-22,CUST01228,PROD0225,STORE003,3,17443.16,0.27,38200.52,40816.99,-2749.69,False,Upi,Completed,133.22
ORD062002,2024-08-04,CUST01260,PROD0071,STORE003,2,4857.33,0.35,6314.53,7577.43,-1361.36,False,Credit Card,Completed,98.46
ORD081318,2024-08-15,CUST01318,PROD0157,STORE017,2,2286.62,0.42,2652.48,3567.13,-978.47,False,Cash,Cancelled,63.82
ORD058086,2024-09-09,CUST01228,PROD0020,STORE009,2,4367.55,0.75,2183.78,6813.38,-4833.24,False,Credit Card,Completed,203.64
ORD007322,2024-09-10,CUST00317,PROD0011,STORE012,2,1420.59,0.5,1420.59,2216.12,-836.78,False,Wallet,Completed,41.25
ORD034182,2024-09-23,CUST01225,PROD0214,STORE016,3,17019.21,0.38,31655.73,39824.95,-8366.7,False,Wallet,Completed,197.48
ORD048198,2024-10-11,CUST01666,PROD0238,STORE006,1,76531.59,0.79,16071.63,59694.64,-43703.3,False,Debit Card,Completed,80.29
ORD006511,2024-10-18,CUST00899,PROD0276,STORE016,3,2015.39,0.77,1390.62,4716.01,-3454.2,False,Cash,Completed,128.81
ORD009192,2024-10-18,CUST01028,PROD0186,STORE009,2,8534.54,0.93,1194.84,13313.88,-12484.3,False,Upi,Completed,365.26
ORD027902,2024-10-27,CUST01019,PROD0221,STORE018,1,63052.82,0.24,47920.14,49181.2,-1301.97,False,Cash,Completed,40.91
ORD059640,2024-10-31,CUST01869,PROD0019,STORE004,2,6016.52,0.9,1203.3,9385.77,-8212.47,False,Credit Card,Completed,30.0
ORD026364,2024-11-06,CUST00756,PROD0095,STORE009,1,37273.36,0.95,1863.67,29073.22,-27403.13,False,Debit Card,Completed,193.58
ORD024964,2024-11-18,CUST00210,PROD0038,STORE018,2,3799.55,0.91,683.92,5927.3,-5421.8,False,Credit Card,Completed,178.42
ORD062354,2024-11-27,CUST00147,PROD0014,STORE017,4,5671.27,0.22,17694.36,17694.36,-491.8,False,Upi,Pending,491.8
ORD039703,2024-12-17,CUST00588,PROD0020,STORE017,1,4362.9,0.23,3359.43,3403.06,-82.14,False,Debit Card,Completed,38.51
ORD020322,2024-12-23,CUST01965,PROD0246,STORE015,3,34304.94,0.42,59690.6,80273.56,-20637.89,False,Debit Card,Pending,54.93
ORD013229,2024-12-29,CUST01813,PROD0270,STORE016,1,10479.71,0.99,104.8,8174.17,-8187.86,False,Wallet,Completed,118.49
ORD048649,2025-01-02,CUST00005,PROD0065,STORE017,3,2694.56,0.66,2748.45,6305.27,-3868.05,False,Cash,Completed,311.23
ORD072820,2025-01-03,CUST01455,PROD0030,STORE015,2,38214.63,0.49,38978.92,59614.82,-20665.9,False,Debit Card,Pending,30.0
ORD058504,2025-01-14,CUST01895,PROD0186,STORE004,2,7900.38,0.33,10586.51,12324.59,-2002.34,False,Debit Card,Completed,264.26
ORD087221,2025-02-05,CUST01784,PROD0139,STORE017,2,30892.57,0.43,35217.53,48192.41,-13072.57,False,Credit Card,Completed,97.69
ORD019313,2025-02-19,CUST01256,PROD0148,STORE017,2,12361.45,0.66,8405.79,19283.86,-11086.34,False,Debit Card,Completed,208.27
ORD060004,2025-02-25,CUST01107,PROD0163,STORE014,1,2340.81,0.53,1100.18,1825.83,-910.46,False,Cash,Completed,184.81
ORD001096,2025-03-14,CUST00823,PROD0087,STORE003,3,5705.14,0.23,13178.87,13350.03,-279.51,False,Wallet,Completed,108.35
ORD050639,2025-03-15,CUST01513,PROD0079,STORE002,1,7688.43,0.69,2383.41,5996.98,-3652.39,False,Upi,Completed,38.82
ORD045134,2025-03-16,CUST01715,PROD0224,STORE007,3,8889.68,0.97,800.07,20801.85,-20148.03,False,Cash,Completed,146.25
ORD037448,2025-04-23,CUST00829,PROD0248,STORE015,4,7921.37,0.9,3168.55,24714.67,-21558.66,False,Credit Card,Completed,12.54
ORD008594,2025-05-13,CUST01441,PROD0172,STORE014,1,43435.81,0.68,13899.46,33879.93,-20103.22,False,Credit Card,Completed,122.75
ORD042069,2025-06-07,CUST00677,PROD0022,STORE017,2,17272.21,0.74,8981.55,26944.65,-18099.93,False,Upi,Completed,136.83
ORD085557,2025-06-09,CUST00565,PROD0272,STORE017,3,15744.44,0.3,33063.32,36841.99,-3808.67,False,Credit Card,Completed,30.0
ORD066029,2025-07-02,CUST00965,PROD0262,STORE009,1,30877.65,0.99,308.78,24084.57,-23880.16,False,Net Banking,Completed,104.37
ORD039347,2025-07-15,CUST00829,PROD0165,STORE018,1,27005.51,0.59,11072.26,21064.3,-10111.29,False,Wallet,Cancelled,119.25
ORD013224,2025-08-03,CUST01321,PROD0104,STORE006,1,2392.84,0.32,1627.13,1866.42,-324.16,False,Net Banking,Completed,84.87
ORD061612,2025-08-16,CUST01638,PROD0239,STORE018,1,22865.59,0.83,3887.15,17835.16,-14017.75,False,Upi,Completed,69.74
ORD050025,2025-08-26,CUST00915,PROD0208,STORE014,1,11048.66,0.11,9833.31,8617.95,1205.68,False,Wallet,Completed,9.68
ORD063477,2025-09-28,CUST00531,PROD0064,STORE001,6,21868.5,0.65,45923.85,102344.58,-56717.24,False,Credit Card,Completed,296.51
ORD029525,2025-10-17,CUST01226,PROD0189,STORE006,4,3928.65,0.05,14928.87,12257.39,2587.86,False,Credit Card,Completed,83.62
ORD077068,2025-11-02,CUST00884,PROD0188,STORE004,2,886.17,0.91,159.51,1382.43,-1401.36,False,Debit Card,Completed,178.44
ORD002060,2025-11-27,CUST01424,PROD0060,STORE004,3,33082.68,0.79,20842.09,77413.47,-56777.9,False,Net Banking,Completed,206.52
ORD016717,2025-12-04,CUST01225,PROD0246,STORE018,2,33786.78,0.72,18920.6,52707.38,-34278.39,False,Debit Card,Completed,491.61
ORD026520,2025-12-11,CUST01666,PROD0128,STORE013,2,9853.17,0.5,9853.17,15370.95,-5608.65,False,Debit Card,Completed,90.87
ORD065508,2025-12-14,CUST00699,PROD0202,STORE006,3,653.58,0.61,764.69,1529.38,-999.43,False,Upi,Completed,234.74
ORD052023,2025-12-27,CUST00665,PROD0289,STORE008,4,7609.31,0.97,913.12,23741.05,-22905.13,False,Upi,Completed,77.2
